{
  "format_version": "1.20.40",
  "minecraft:entity": {
    "description": {
      "identifier": "unitx:revive_beacon_beam",
      "is_spawnable": false,
      "is_summonable": true,
      "is_experimental": false,
      "properties": {
        "unitx:height": {
          "type": "int",
          "client_sync": true,
          "default": 0,
          "range": [-1,6144]
        },
        "unitx:beam_16": {
          "type": "int",
          "client_sync": true,
          "default": 0,
          "range": [-1,6144]
        },
        "unitx:beam_8": {
          "type": "int",
          "client_sync": true,
          "default": 0,
          "range": [-1,6144]
        },
        "unitx:beam_4": {
          "type": "int",
          "client_sync": true,
          "default": 0,
          "range": [-1,6144]
        },
        "unitx:beam_2": {
          "type": "int",
          "client_sync": true,
          "default": 0,
          "range": [-1,6144]
        },
        "unitx:beam_1": {
          "type": "int",
          "client_sync": true,
          "default": 0,
          "range": [-1,6144]
        }
      }
    },
    "components": {
      "minecraft:physics": {
        "has_gravity": false,
        "has_collision": false,
        "push_towards_closest_space": false
      },
      "minecraft:damage_sensor": {
        "triggers": [
          {
            "cause": "all",
            "deals_damage": false
          }
        ]
      },
      "minecraft:renders_when_invisible": {},
      "minecraft:collision_box": {
        "width": 0,
        "height": 0
      },
      "minecraft:environment_sensor": {
        "triggers": [
          {
            "filters": {
              "test": "in_block",
              "value": "unitx:revive_beacon",
              "subject": "self",
              "operator": "!="
            },
            "event": "unitx:despawn"
          }
        ]
      }
    },
    "events": {
      "unitx:despawn": {
        "add": {
          "component_groups": [
            "unitx:despawn"
          ]
        }
      }
    },
    "component_groups": {
      "unitx:despawn": {
        "minecraft:instant_despawn": {}
      }
    }
  }
}