{
	"format_version": "1.12.0",
	"minecraft:geometry": [
		{
			"description": {
				"identifier": "geometry.beacon_beam",
				"texture_width": 16,
				"texture_height": 16,
				"visible_bounds_width": 2,
				"visible_bounds_height": 353.5,
				"visible_bounds_offset": [0, 176.25, 0]
			},
			"bones": [
				{
					"name": "full_beam",
					"pivot": [0, 0, 0]
				},
				{
					"name": "beam1",
					"parent": "full_beam",
					"pivot": [0, 0, 0],
					"cubes": [
						{
							"origin": [-2.25, -8, -2.25],
							"size": [4.5, 512, 4.5],
							"uv": {
								"north": {"uv": [0, -496], "uv_size": [16, 512]},
								"east": {"uv": [0, -496], "uv_size": [16, 512]},
								"south": {"uv": [0, -496], "uv_size": [16, 512]},
								"west": {"uv": [0, -496], "uv_size": [16, 512]}
							}
						}
					]
				},
				{
					"name": "beam2",
					"parent": "full_beam",
					"pivot": [0, 512, 0],
					"cubes": [
						{
							"origin": [-2.25, 504, -2.25],
							"size": [4.5, 512, 4.5],
							"uv": {
								"north": {"uv": [0, -496], "uv_size": [16, 512]},
								"east": {"uv": [0, -496], "uv_size": [16, 512]},
								"south": {"uv": [0, -496], "uv_size": [16, 512]},
								"west": {"uv": [0, -496], "uv_size": [16, 512]}
							}
						}
					]
				},
				{
					"name": "beam3",
					"parent": "full_beam",
					"pivot": [0, 1024, 0],
					"cubes": [
						{
							"origin": [-2.25, 1016, -2.25],
							"size": [4.5, 512, 4.5],
							"uv": {
								"north": {"uv": [0, -496], "uv_size": [16, 512]},
								"east": {"uv": [0, -496], "uv_size": [16, 512]},
								"south": {"uv": [0, -496], "uv_size": [16, 512]},
								"west": {"uv": [0, -496], "uv_size": [16, 512]}
							}
						}
					]
				},
				{
					"name": "beam4",
					"parent": "full_beam",
					"pivot": [0, 1536, 0],
					"cubes": [
						{
							"origin": [-2.25, 1528, -2.25],
							"size": [4.5, 512, 4.5],
							"uv": {
								"north": {"uv": [0, -496], "uv_size": [16, 512]},
								"east": {"uv": [0, -496], "uv_size": [16, 512]},
								"south": {"uv": [0, -496], "uv_size": [16, 512]},
								"west": {"uv": [0, -496], "uv_size": [16, 512]}
							}
						}
					]
				},
				{
					"name": "beam5",
					"parent": "full_beam",
					"pivot": [0, 2048, 0],
					"cubes": [
						{
							"origin": [-2.25, 2040, -2.25],
							"size": [4.5, 512, 4.5],
							"uv": {
								"north": {"uv": [0, -496], "uv_size": [16, 512]},
								"east": {"uv": [0, -496], "uv_size": [16, 512]},
								"south": {"uv": [0, -496], "uv_size": [16, 512]},
								"west": {"uv": [0, -496], "uv_size": [16, 512]}
							}
						}
					]
				},
				{
					"name": "beam6",
					"parent": "full_beam",
					"pivot": [0, 2560, 0],
					"cubes": [
						{
							"origin": [-2.25, 2552, -2.25],
							"size": [4.5, 512, 4.5],
							"uv": {
								"north": {"uv": [0, -496], "uv_size": [16, 512]},
								"east": {"uv": [0, -496], "uv_size": [16, 512]},
								"south": {"uv": [0, -496], "uv_size": [16, 512]},
								"west": {"uv": [0, -496], "uv_size": [16, 512]}
							}
						}
					]
				},
				{
					"name": "beam7",
					"parent": "full_beam",
					"pivot": [0, 3072, 0],
					"cubes": [
						{
							"origin": [-2.25, 3064, -2.25],
							"size": [4.5, 512, 4.5],
							"uv": {
								"north": {"uv": [0, -496], "uv_size": [16, 512]},
								"east": {"uv": [0, -496], "uv_size": [16, 512]},
								"south": {"uv": [0, -496], "uv_size": [16, 512]},
								"west": {"uv": [0, -496], "uv_size": [16, 512]}
							}
						}
					]
				},
				{
					"name": "beam8",
					"parent": "full_beam",
					"pivot": [0, 3584, 0],
					"cubes": [
						{
							"origin": [-2.25, 3576, -2.25],
							"size": [4.5, 512, 4.5],
							"uv": {
								"north": {"uv": [0, -496], "uv_size": [16, 512]},
								"east": {"uv": [0, -496], "uv_size": [16, 512]},
								"south": {"uv": [0, -496], "uv_size": [16, 512]},
								"west": {"uv": [0, -496], "uv_size": [16, 512]}
							}
						}
					]
				},
				{
					"name": "beam9",
					"parent": "full_beam",
					"pivot": [0, 4096, 0],
					"cubes": [
						{
							"origin": [-2.25, 4088, -2.25],
							"size": [4.5, 512, 4.5],
							"uv": {
								"north": {"uv": [0, -496], "uv_size": [16, 512]},
								"east": {"uv": [0, -496], "uv_size": [16, 512]},
								"south": {"uv": [0, -496], "uv_size": [16, 512]},
								"west": {"uv": [0, -496], "uv_size": [16, 512]}
							}
						}
					]
				},
				{
					"name": "beam10",
					"parent": "full_beam",
					"pivot": [0, 5608, 0],
					"cubes": [
						{
							"origin": [-2.25, 5600, -2.25],
							"size": [4.5, 512, 4.5],
							"uv": {
								"north": {"uv": [0, -496], "uv_size": [16, 512]},
								"east": {"uv": [0, -496], "uv_size": [16, 512]},
								"south": {"uv": [0, -496], "uv_size": [16, 512]},
								"west": {"uv": [0, -496], "uv_size": [16, 512]}
							}
						}
					]
				},
				{
					"name": "beam11",
					"parent": "full_beam",
					"pivot": [0, 5120, 0],
					"cubes": [
						{
							"origin": [-2.25, 5112, -2.25],
							"size": [4.5, 512, 4.5],
							"uv": {
								"north": {"uv": [0, -496], "uv_size": [16, 512]},
								"east": {"uv": [0, -496], "uv_size": [16, 512]},
								"south": {"uv": [0, -496], "uv_size": [16, 512]},
								"west": {"uv": [0, -496], "uv_size": [16, 512]}
							}
						}
					]
				},
				{
					"name": "beamH16",
					"parent": "full_beam",
					"pivot": [0, 264, 0],
					"cubes": [
						{
							"origin": [-2.25, -8, -2.25],
							"size": [4.5, 256, 4.5],
							"uv": {
								"north": {"uv": [0, -248], "uv_size": [16, 256]},
								"east": {"uv": [0, -248], "uv_size": [16, 256]},
								"south": {"uv": [0, -248], "uv_size": [16, 256]},
								"west": {"uv": [0, -248], "uv_size": [16, 256]}
							}
						}
					]
				},
				{
					"name": "beamH8",
					"parent": "full_beam",
					"pivot": [0, 136, 0],
					"cubes": [
						{
							"origin": [-2.25, -8, -2.25],
							"size": [4.5, 128, 4.5],
							"uv": {
								"north": {"uv": [0, -124], "uv_size": [16, 128]},
								"east": {"uv": [0, -124], "uv_size": [16, 128]},
								"south": {"uv": [0, -124], "uv_size": [16, 128]},
								"west": {"uv": [0, -124], "uv_size": [16, 128]}
							}
						}
					]
				},
				{
					"name": "beamH4",
					"parent": "full_beam",
					"pivot": [0, 72, 0],
					"cubes": [
						{
							"origin": [-2.25, -8, -2.25],
							"size": [4.5, 64, 4.5],
							"uv": {
								"north": {"uv": [0, -62], "uv_size": [16, 64]},
								"east": {"uv": [0, -62], "uv_size": [16, 64]},
								"south": {"uv": [0, -62], "uv_size": [16, 64]},
								"west": {"uv": [0, -62], "uv_size": [16, 64]}
							}
						}
					]
				},
				{
					"name": "beamH2",
					"parent": "full_beam",
					"pivot": [0, 40, 0],
					"cubes": [
						{
							"origin": [-2.25, -8, -2.25],
							"size": [4.5, 32, 4.5],
							"uv": {
								"north": {"uv": [0, -31], "uv_size": [16, 32]},
								"east": {"uv": [0, -31], "uv_size": [16, 32]},
								"south": {"uv": [0, -31], "uv_size": [16, 32]},
								"west": {"uv": [0, -31], "uv_size": [16, 32]}
							}
						}
					]
				},
				{
					"name": "beamH1",
					"parent": "full_beam",
					"pivot": [0, 24, 0],
					"cubes": [
						{
							"origin": [-2.25, -8, -2.25],
							"size": [4.5, 16, 4.5],
							"uv": {
								"north": {"uv": [0, -15.5], "uv_size": [16, 16]},
								"east": {"uv": [0, -15.5], "uv_size": [16, 16]},
								"south": {"uv": [0, -15.5], "uv_size": [16, 16]},
								"west": {"uv": [0, -15.5], "uv_size": [16, 16]}
							}
						}
					]
				}
			]
		}
	]
}