{
  "format_version": "1.8.0",
  "render_controllers": {
    "controller.render.revive_beacon_beam": {
      "geometry": "Geometry.default",
      "materials": [
        {
          "*": "Material.default"
        }
      ],
      "textures": [
        "Texture.default"
      ],
      "uv_anim": {
        "offset": [
          0,
          "math.mod(q.life_time * 8, 1024/64) / 1024"
        ],
        "scale": [
          1,
          0.5
        ]
      },
      "ignore_lighting": true
    }
  }
}