{
  "pools": [
    {
      "rolls": 1,
      "entries": [
        {
          "type": "item",
          "name": "minecraft:enchanted_golden_apple",
          "weight": 3
        },
        {
          "type": "item",
          "name": "minecraft:flow_armor_trim_smithing_template",
          "weight": 3
        },
        {
          "type": "item",
          "name": "minecraft:flow_banner_pattern",
          "weight": 2
        },
        {
          "type": "item",
          "name": "minecraft:music_disc_creator",
          "weight": 1
        },
        {
          "type": "item",
          "name": "minecraft:heavy_core",
          "weight": 1
        },
        {
          "type": "item",
          "name": "unitx:lifesteal1",
          "weight": 1,
          "functions": [
            {
              "function": "set_name",
              "name": "§r§eEnchanted Book\n§7Lifesteal I"
            }
          ]
        },
        {
          "type": "item",
          "name": "unitx:lifesteal2",
          "weight": 1,
          "functions": [
            {
              "function": "set_name",
              "name": "§r§eEnchanted Book\n§7Lifesteal II"
            }
          ]
        },
        {
          "type": "item",
          "name": "unitx:lifesteal3",
          "weight": 1,
          "functions": [
            {
              "function": "set_name",
              "name": "§r§eEnchanted Book\n§7Lifesteal III"
            }
          ]
        }
      ]
    }
  ]
}