{
  "format_version": "1.10.0",
  "minecraft:client_entity": {
    "description": {
      "identifier": "unitx:revive_beacon_beam",
      "materials": {
        "default": "beacon_beam"
      },
      "textures": {
        "default": "textures/entity/revive_beacon_beam"
      },
      "geometry": {
        "default": "geometry.beacon_beam"
      },
      "render_controllers": [
        "controller.render.revive_beacon_beam"
      ],
      "animations": {
        "spin": "animation.beacon_beam.spin"
      },
      "scripts": {
        "animate": [
          "spin"
        ]
      }
    }
  }
}