{
	"format_version": "1.21.40",
	"minecraft:block": {
		"description": {
			"identifier": "unitx:revive_beacon",
			"menu_category": {
				"category": "nature"
			}
		},
		"components": {
			"minecraft:light_dampening": 0,
			"minecraft:light_emission": 15,
			"minecraft:geometry": "geometry.revive_beacon",
			"minecraft:destructible_by_mining": {
				"seconds_to_destroy": 3
			},
			"minecraft:map_color": "#bc1818",
			"minecraft:flammable": false,
			"minecraft:material_instances": {
				"*": {
					"texture": "beacon_shell",
					"render_method": "blend",
					"ambient_occlusion": false,
					"face_dimming": false
				},
				"shell": {
					"texture": "beacon_shell",
					"render_method": "blend",
					"ambient_occlusion": false,
					"face_dimming": false
				},
				"base": {
					"texture": "beacon_base",
					"render_method": "blend",
					"ambient_occlusion": false,
					"face_dimming": false
				},
				"core": {
					"texture": "revive_beacon_core",
					"render_method": "blend",
					"ambient_occlusion": false,
					"face_dimming": false
				}
			},
			"minecraft:transformation": {
				"rotation": [
					0,
					180,
					0
				]
			},
			"minecraft:tick": {
				 "interval_range": [60,60],
				  "looping": true
			},
			"minecraft:custom_components": [
				"unitx:beacon_gui",
				"unitx:break_beacon",
				"unitx:beacon_tick"
			]
		}
	}
}