{
	"format_version": "1.12.0",
	"minecraft:geometry": [
		{
			"description": {
				"identifier": "geometry.revive_beacon",
				"texture_width": 16,
				"texture_height": 16,
				"visible_bounds_width": 3,
				"visible_bounds_height": 2.5,
				"visible_bounds_offset": [0, 0.75, 0]
			},
			"bones": [
				{
					"name": "base",
					"pivot": [0, 0, 0],
					"cubes": [
						{
							"origin": [-6, 0.1, -6],
							"size": [12, 3, 12],
							"uv": {
								"north": {"uv": [2, 8], "uv_size": [12, 3], "material_instance": "base"},
								"east": {"uv": [2, 11], "uv_size": [12, 3], "material_instance": "base"},
								"south": {"uv": [2, 2], "uv_size": [12, 3], "material_instance": "base"},
								"west": {"uv": [2, 5], "uv_size": [12, 3], "material_instance": "base"},
								"up": {"uv": [14, 14], "uv_size": [-12, -12], "material_instance": "base"},
								"down": {"uv": [14, 14], "uv_size": [-12, -12], "material_instance": "base"}
							}
						}
					]
				},
				{
					"name": "shell",
					"pivot": [0, 0, 0],
					"cubes": [
						{
							"origin": [-8, 0, -8],
							"size": [16, 16, 16],
							"uv": {
								"north": {"uv": [0, 0], "uv_size": [16, 16], "material_instance": "shell"},
								"east": {"uv": [0, 0], "uv_size": [16, 16], "material_instance": "shell"},
								"south": {"uv": [0, 0], "uv_size": [16, 16], "material_instance": "shell"},
								"west": {"uv": [0, 0], "uv_size": [16, 16], "material_instance": "shell"},
								"up": {"uv": [16, 16], "uv_size": [-16, -16], "material_instance": "shell"},
								"down": {"uv": [16, 16], "uv_size": [-16, -16], "material_instance": "shell"}
							}
						}
					]
				},
				{
					"name": "core",
					"pivot": [0, 0, 0],
					"cubes": [
						{
							"origin": [-5, 3, -5],
							"size": [10, 11, 10],
							"uv": {
								"north": {"uv": [3, 2], "uv_size": [10, 11], "material_instance": "core"},
								"east": {"uv": [3, 2], "uv_size": [10, 11], "material_instance": "core"},
								"south": {"uv": [3, 2], "uv_size": [10, 11], "material_instance": "core"},
								"west": {"uv": [3, 2], "uv_size": [10, 11], "material_instance": "core"},
								"up": {"uv": [13, 13], "uv_size": [-10, -9], "material_instance": "core"},
								"down": {"uv": [13, 13], "uv_size": [-10, -9]}
							}
						}
					]
				}
			]
		}
	]
}